destination,top_keywords
Agra,"india, delhi, travel, solo, time, agra, trip, back, people, jaipur"
Darjeeling,"india, travel, darjeeling, solo, traveling, planning, places, things, time, appreciated"
Delhi,"india, delhi, travel, time, air, traveling, experience, dont, airport, people"
Goa,"india, travel, goa, solo, time, day, places, upvotes, delhi, female"
Jaipur,"india, jaipur, felt, atlas, cash, journey, cards, phone, gps, stories"
Kashmir,"travel, india, kashmir, solo, places, advisory, traveling, states, delhi, winnner"
Kerala,"india, kerala, travel, solo, time, trip, love, safe, people, places"
Kolkata,"india, kolkata, travel, visa, time, trip, back, interview, air, source"
Leh Ladakh,"ladakh, leh, india, trip, travel, day, tour, days, altitude, solo"
Manali,"india, travel, manali, trip, delhi, solo, north, people, suggestions, places"
Mysore,"india, felt, atlas, stories, cards, journey, phone, gps, cash, jaipur"
Ooty,"india, atlas, jaipur, cards, gps, cash, phone, journey, felt, stories"
Rajasthan,"india, travel, solo, rajasthan, experience, time, dont, traveling, safe, destination"
Shimla,"india, travel, shimla, trip, delhi, places, time, indian, good, people"
