Topic_ID,Top_Words
Topic 1,"atlas, cash, stories, phone, felt, journey, way, gps, cards gps, trust journey"
Topic 2,"even, indian, back, around, lot, travel, visa, think, food, visit"
Topic 3,"places travel, winnner, india winnner, travel india, upvotes, got upvotes, places, best, travel, himachal"
Topic 4,"mar, jan, feb, jan jan, mind, keeping mind, dec, keeping, hotels, mumbai"
Topic 5,"solo, safe, travel, planning, suggestions, safe travel, travel india, female, solo female, first"
Topic 6,"checklist, india travel, world, world cup, team, cup india, cup, required, travel, group"
